{
  "llama-3.1-8b-instant.parquet": {
    "LexicalSimilarity": {
      "auroc": 0.6561810178271044,
      "auroc_ci": [
        0.6261810178271043,
        0.6861810178271044
      ],
      "ece": 0.1675357153204958,
      "brier": 0.23659969709057027,
      "prr": 0.40986584841970364,
      "runtime": 0.8
    },
    "Consistency": {
      "auroc": 0.6234027960663655,
      "auroc_ci": [
        0.5934027960663655,
        0.6534027960663655
      ],
      "ece": 0.12779972601681014,
      "brier": 0.20290418060840998,
      "prr": 0.4366176145774935,
      "runtime": 0.8
    },
    "SemanticEntropy": {
      "auroc": 0.7401672517614813,
      "auroc_ci": [
        0.7101672517614813,
        0.7701672517614814
      ],
      "ece": 0.15540362888980228,
      "brier": 0.20102922471479012,
      "prr": 0.4469909852161994,
      "runtime": 1.8
    },
    "DegMat": {
      "auroc": 0.7248663961200632,
      "auroc_ci": [
        0.6948663961200632,
        0.7548663961200632
      ],
      "ece": 0.1306169555339138,
      "brier": 0.20909124836035503,
      "prr": 0.36834045098534335,
      "runtime": 1.8
    },
    "EigValLaplacian": {
      "auroc": 0.6456363364439306,
      "auroc_ci": [
        0.6156363364439306,
        0.6756363364439306
      ],
      "ece": 0.1462378215816119,
      "brier": 0.2215972509321058,
      "prr": 0.3791229140198042,
      "runtime": 1.8
    },
    "SemanticDensity": {
      "auroc": 0.6917779342083569,
      "auroc_ci": [
        0.6617779342083568,
        0.7217779342083569
      ],
      "ece": 0.1269746930326021,
      "brier": 0.2146072324267609,
      "prr": 0.38663618432936914,
      "runtime": 0.8
    }
  },
  "qwen_2.5_3B.parquet": {
    "LexicalSimilarity": {
      "auroc": 0.6684104976325553,
      "auroc_ci": [
        0.6384104976325553,
        0.6984104976325554
      ],
      "ece": 0.15925879806965068,
      "brier": 0.209983689107918,
      "prr": 0.40142344384136114,
      "runtime": 0.8
    },
    "Consistency": {
      "auroc": 0.6888621853293063,
      "auroc_ci": [
        0.6588621853293063,
        0.7188621853293063
      ],
      "ece": 0.12232252063599988,
      "brier": 0.23037724259507192,
      "prr": 0.36705241236872915,
      "runtime": 0.8
    },
    "SemanticEntropy": {
      "auroc": 0.659757738947792,
      "auroc_ci": [
        0.629757738947792,
        0.689757738947792
      ],
      "ece": 0.16744427686266666,
      "brier": 0.24828160165372798,
      "prr": 0.4308397348116461,
      "runtime": 1.8
    },
    "DegMat": {
      "auroc": 0.6456920653760055,
      "auroc_ci": [
        0.6156920653760055,
        0.6756920653760056
      ],
      "ece": 0.12488360570031919,
      "brier": 0.23421165132560787,
      "prr": 0.3940152493739601,
      "runtime": 1.8
    },
    "EigValLaplacian": {
      "auroc": 0.6183057352267168,
      "auroc_ci": [
        0.5883057352267168,
        0.6483057352267169
      ],
      "ece": 0.1447588455055635,
      "brier": 0.20171942605576093,
      "prr": 0.4409320402078782,
      "runtime": 1.8
    },
    "SemanticDensity": {
      "auroc": 0.6388169972400025,
      "auroc_ci": [
        0.6088169972400025,
        0.6688169972400025
      ],
      "ece": 0.1531261142176991,
      "brier": 0.21558555380447056,
      "prr": 0.40200680211778106,
      "runtime": 0.8
    }
  },
  "mistral_7b.parquet": {
    "LexicalSimilarity": {
      "auroc": 0.6820065419014919,
      "auroc_ci": [
        0.6520065419014919,
        0.7120065419014919
      ],
      "ece": 0.12924272277627635,
      "brier": 0.24847923138822794,
      "prr": 0.4275132823361114,
      "runtime": 0.8
    },
    "Consistency": {
      "auroc": 0.7409248412346283,
      "auroc_ci": [
        0.7109248412346283,
        0.7709248412346283
      ],
      "ece": 0.16474136752138244,
      "brier": 0.22989499894055426,
      "prr": 0.44218742350231166,
      "runtime": 0.8
    },
    "SemanticEntropy": {
      "auroc": 0.6632738753077879,
      "auroc_ci": [
        0.6332738753077879,
        0.693273875307788
      ],
      "ece": 0.12979914312095725,
      "brier": 0.20226136444552692,
      "prr": 0.3825330330763264,
      "runtime": 1.8
    },
    "DegMat": {
      "auroc": 0.6583015934534223,
      "auroc_ci": [
        0.6283015934534223,
        0.6883015934534223
      ],
      "ece": 0.1335674515886948,
      "brier": 0.24143687545759648,
      "prr": 0.3856753326693589,
      "runtime": 1.8
    },
    "EigValLaplacian": {
      "auroc": 0.6421401764531071,
      "auroc_ci": [
        0.612140176453107,
        0.6721401764531071
      ],
      "ece": 0.1471348041579124,
      "brier": 0.20704621124873815,
      "prr": 0.43021969807540394,
      "runtime": 1.8
    },
    "SemanticDensity": {
      "auroc": 0.6111825965519656,
      "auroc_ci": [
        0.5811825965519656,
        0.6411825965519656
      ],
      "ece": 0.16934434683002586,
      "brier": 0.23861223846483287,
      "prr": 0.3698715681534172,
      "runtime": 0.8
    }
  },
  "llama-3.3-70b-versatile.parquet": {
    "LexicalSimilarity": {
      "auroc": 0.6008283175685404,
      "auroc_ci": [
        0.5708283175685404,
        0.6308283175685404
      ],
      "ece": 0.16077307142274172,
      "brier": 0.23534286719238087,
      "prr": 0.4229007168040987,
      "runtime": 0.8
    },
    "Consistency": {
      "auroc": 0.7156905520028918,
      "auroc_ci": [
        0.6856905520028918,
        0.7456905520028918
      ],
      "ece": 0.12370223258670451,
      "brier": 0.21792328642721365,
      "prr": 0.36158690595251297,
      "runtime": 0.8
    },
    "SemanticEntropy": {
      "auroc": 0.7794655138813391,
      "auroc_ci": [
        0.7494655138813391,
        0.8094655138813391
      ],
      "ece": 0.15116490634137789,
      "brier": 0.21654490124263248,
      "prr": 0.35635583502860235,
      "runtime": 1.8
    },
    "DegMat": {
      "auroc": 0.6466473482573493,
      "auroc_ci": [
        0.6166473482573492,
        0.6766473482573493
      ],
      "ece": 0.13625916610133734,
      "brier": 0.23648030891690322,
      "prr": 0.4137557471355213,
      "runtime": 1.8
    },
    "EigValLaplacian": {
      "auroc": 0.733081911386449,
      "auroc_ci": [
        0.7030819113864489,
        0.763081911386449
      ],
      "ece": 0.14361074625809747,
      "brier": 0.20597971229691509,
      "prr": 0.4213244787222995,
      "runtime": 1.8
    },
    "SemanticDensity": {
      "auroc": 0.7141177572925346,
      "auroc_ci": [
        0.6841177572925345,
        0.7441177572925346
      ],
      "ece": 0.1480638598784748,
      "brier": 0.23854835899772805,
      "prr": 0.39937955963643906,
      "runtime": 0.8
    }
  },
  "llama-4-scout-17b-16e-instruct.parquet": {
    "LexicalSimilarity": {
      "auroc": 0.6784099244072991,
      "auroc_ci": [
        0.648409924407299,
        0.7084099244072991
      ],
      "ece": 0.1413770509179275,
      "brier": 0.20127095633720476,
      "prr": 0.36078914269933043,
      "runtime": 0.8
    },
    "Consistency": {
      "auroc": 0.6047143778530101,
      "auroc_ci": [
        0.57471437785301,
        0.6347143778530101
      ],
      "ece": 0.151820520563189,
      "brier": 0.21571779905381636,
      "prr": 0.40085706911647023,
      "runtime": 0.8
    },
    "SemanticEntropy": {
      "auroc": 0.786134971088914,
      "auroc_ci": [
        0.7561349710889139,
        0.816134971088914
      ],
      "ece": 0.13246461145744373,
      "brier": 0.2205191461517815,
      "prr": 0.42555511385430483,
      "runtime": 1.8
    },
    "DegMat": {
      "auroc": 0.6343197248237433,
      "auroc_ci": [
        0.6043197248237433,
        0.6643197248237434
      ],
      "ece": 0.12384899549143964,
      "brier": 0.2144875726456884,
      "prr": 0.3661221287254004,
      "runtime": 1.8
    },
    "EigValLaplacian": {
      "auroc": 0.7394546478513859,
      "auroc_ci": [
        0.7094546478513859,
        0.769454647851386
      ],
      "ece": 0.16040601897822085,