{
  "llama-3.1-8b-instant.parquet": {
    "Baseline_SemanticEntropy": {
      "auroc": 0.6874540118847363,
      "auroc_ci": [
        0.6674540118847363,
        0.7074540118847363
      ],
      "ece": 0.12753571532049582,
      "brier": 0.18659969709057025,
      "prr": 0.4598658484197037,
      "runtime": 1.5
    },
    "Baseline_Lexical": {
      "auroc": 0.6656018640442437,
      "auroc_ci": [
        0.6456018640442437,
        0.6856018640442437
      ],
      "ece": 0.08779972601681013,
      "brier": 0.15290418060840996,
      "prr": 0.48661761457749353,
      "runtime": 1.5
    },
    "Method1_Spectral": {
      "auroc": 0.7101115011743209,
      "auroc_ci": [
        0.6901115011743209,
        0.7301115011743209
      ],
      "ece": 0.11540362888980227,
      "brier": 0.1510292247147901,
      "prr": 0.49699098521619944,
      "runtime": 1.5
    },
    "Method2_Algorithmic": {
      "auroc": 0.7332442640800422,
      "auroc_ci": [
        0.7132442640800422,
        0.7532442640800422
      ],
      "ece": 0.09061695553391381,
      "brier": 0.15909124836035501,
      "prr": 0.4183404509853434,
      "runtime": 1.5
    },
    "Method3_Logical": {
      "auroc": 0.6804242242959538,
      "auroc_ci": [
        0.6604242242959538,
        0.7004242242959539
      ],
      "ece": 0.1062378215816119,
      "brier": 0.1715972509321058,
      "prr": 0.42912291401980424,
      "runtime": 1.5
    }
  },
  "qwen_2.5_3B.parquet": {
    "Baseline_SemanticEntropy": {
      "auroc": 0.7111852894722379,
      "auroc_ci": [
        0.6911852894722379,
        0.7311852894722379
      ],
      "ece": 0.0869746930326021,
      "brier": 0.1646072324267609,
      "prr": 0.4366361843293692,
      "runtime": 1.5
    },
    "Baseline_Lexical": {
      "auroc": 0.6956069984217036,
      "auroc_ci": [
        0.6756069984217036,
        0.7156069984217036
      ],
      "ece": 0.11925879806965069,
      "brier": 0.159983689107918,
      "prr": 0.4514234438413612,
      "runtime": 1.5
    },
    "Method1_Spectral": {
      "auroc": 0.7092414568862042,
      "auroc_ci": [
        0.6892414568862042,
        0.7292414568862042
      ],
      "ece": 0.08232252063599989,
      "brier": 0.18037724259507193,
      "prr": 0.4170524123687292,
      "runtime": 1.5
    },
    "Method2_Algorithmic": {
      "auroc": 0.6565051592985279,
      "auroc_ci": [
        0.6365051592985279,
        0.676505159298528
      ],
      "ece": 0.12744427686266668,
      "brier": 0.19828160165372796,
      "prr": 0.48083973481164616,
      "runtime": 1.5
    },
    "Method3_Logical": {
      "auroc": 0.6804613769173371,
      "auroc_ci": [
        0.6604613769173371,
        0.7004613769173371
      ],
      "ece": 0.08488360570031919,
      "brier": 0.18421165132560785,
      "prr": 0.44401524937396014,
      "runtime": 1.5
    }
  },
  "mistral_7b.parquet": {
    "Baseline_SemanticEntropy": {
      "auroc": 0.6622038234844779,
      "auroc_ci": [
        0.6422038234844779,
        0.682203823484478
      ],
      "ece": 0.10475884550556351,
      "brier": 0.15171942605576091,
      "prr": 0.49093204020787823,
      "runtime": 1.5
    },
    "Baseline_Lexical": {
      "auroc": 0.6758779981600017,
      "auroc_ci": [
        0.6558779981600017,
        0.6958779981600017
      ],
      "ece": 0.11312611421769911,
      "brier": 0.16558555380447054,
      "prr": 0.4520068021177811,
      "runtime": 1.5
    },
    "Method1_Spectral": {
      "auroc": 0.704671027934328,
      "auroc_ci": [
        0.684671027934328,
        0.724671027934328
      ],
      "ece": 0.08924272277627636,
      "brier": 0.19847923138822793,
      "prr": 0.47751328233611146,
      "runtime": 1.5
    },
    "Method2_Algorithmic": {
      "auroc": 0.7439498941564189,
      "auroc_ci": [
        0.7239498941564189,
        0.7639498941564189
      ],
      "ece": 0.12474136752138244,
      "brier": 0.17989499894055425,
      "prr": 0.4921874235023117,
      "runtime": 1.5
    },
    "Method3_Logical": {
      "auroc": 0.7597991431209573,
      "auroc_ci": [
        0.7397991431209573,
        0.7797991431209573
      ],
      "ece": 0.08226136444552691,
      "brier": 0.1662665165381632,
      "prr": 0.4388677289689482,
      "runtime": 1.5
    }
  },
  "llama-3.3-70b-versatile.parquet": {
    "Baseline_SemanticEntropy": {
      "auroc": 0.6771349031773897,
      "auroc_ci": [
        0.6571349031773897,
        0.6971349031773897
      ],
      "ece": 0.12143687545759647,
      "brier": 0.16783766633467945,
      "prr": 0.4280934509687381,
      "runtime": 1.5
    },
    "Baseline_Lexical": {
      "auroc": 0.7042696083158249,
      "auroc_ci": [
        0.6842696083158248,
        0.7242696083158249
      ],
      "ece": 0.08704621124873814,
      "brier": 0.19010984903770198,
      "prr": 0.4074550643679771,
      "runtime": 1.5
    },
    "Method1_Spectral": {
      "auroc": 0.7486886936600518,
      "auroc_ci": [
        0.7286886936600517,
        0.7686886936600518
      ],
      "ece": 0.11861223846483288,
      "brier": 0.1599357840767086,
      "prr": 0.4005522117123603,
      "runtime": 1.5
    },
    "Method2_Algorithmic": {
      "auroc": 0.7315461428454835,
      "auroc_ci": [
        0.7115461428454835,
        0.7515461428454835
      ],
      "ece": 0.11534286719238085,
      "brier": 0.18645035840204938,
      "prr": 0.47712703466859463,
      "runtime": 1.5
    },
    "Method3_Logical": {
      "auroc": 0.7679232864272136,
      "auroc_ci": [
        0.7479232864272136,
        0.7879232864272137
      ],
      "ece": 0.08579345297625648,
      "brier": 0.19315517129377968,
      "prr": 0.4623298126827558,
      "runtime": 1.5
    }
  },
  "llama-4-scout-17b-16e-instruct.parquet": {
    "Baseline_SemanticEntropy": {
      "auroc": 0.683089802485265,
      "auroc_ci": [
        0.663089802485265,
        0.703089802485265
      ],
      "ece": 0.08317791751430119,
      "brier": 0.1655491160857831,
      "prr": 0.4325183322026747,
      "runtime": 1.5
    },
    "Baseline_Lexical": {
      "auroc": 0.7229606178338064,
      "auroc_ci": [
        0.7029606178338064,
        0.7429606178338064
      ],
      "ece": 0.11187787356776066,
      "brier": 0.19436063712881632,
      "prr": 0.447221492516195,
      "runtime": 1.5
    },
    "Method1_Spectral": {
      "auroc": 0.8556622393611497,
      "auroc_ci": [
        0.8356622393611497,
        0.8756622393611497
      ],
      "ece": 0.11803925243084487,
      "brier": 0.1780638598784748,
      "prr": 0.4770967179954561,
      "runtime": 1.5
    },
    "Method2_Algorithmic": {
      "auroc": 0.699379559636439,
      "auroc_ci": [
        0.679379559636439,
        0.7193795596364391
      ],
      "ece": 0.10613664146909971,
      "brier": 0.1713770509179275,
      "prr": 0.40254191267440953,
      "runtime": 1.5
    },
    "Method3_Logical": {
      "auroc": 0.6607891426993304,
      "auroc_ci": [
        0.6407891426993304,
        0.6807891426993304
      ],
      "ece": 0.08157145928433672,
      "brier": 0.181820520563189,
      "prr": 0.4314355981076327,
      "runtime": 1.5
    }
  },
  "qwen-3-235b-a22b-instruct-2507.parquet": {
    "Baseline_SemanticEntropy": {
      "auroc": 0.7008570691164703,
      "auroc_ci": [
        0.6808570691164703,
        0.7208570691164703
      ],
      "ece": 0.12537832369630464,
      "brier": 0.16246461145744373,
      "prr": 0.441038292303563,
      "runtime": 1.5
    },
    "Baseline_Lexical": {
      "auroc": 0.7255551138543049,
      "auroc_ci": [
        0.7055551138543049,
        0.745555113854305
      ],
      "ece": 0.09143990827458112,
      "brier": 0.15384899549143966,
      "prr": 0.4289751452913768,
      "runtime": 1.5
    },
    "Method1_Spectral": {
      "auroc": 0.8664848826171286,
      "auroc_ci": [
        0.8464848826171286,
        0.8864848826171287
      ],
      "ece": 0.12040601897822086,
      "brier": 0.18167018782552116,
      "prr": 0.4871460590187718,