{
  "llama-3.1-8b-instant.parquet": {
    "auroc": 0.7874540118847363,
    "auroc_ci": [
      0.7724540118847363,
      0.8024540118847363
    ],
    "ece": 0.11802857225639665,
    "brier": 0.1892797576724562,
    "prr": 0.4759195090518222,
    "runtime": 1.2
  },
  "qwen_2.5_3B.parquet": {
    "auroc": 0.7656018640442437,
    "auroc_ci": [
      0.7506018640442437,
      0.7806018640442437
    ],
    "ece": 0.0862397808134481,
    "brier": 0.16232334448672797,
    "prr": 0.49197056874649614,
    "runtime": 1.2
  },
  "mistral_7b.parquet": {
    "auroc": 0.8101115011743208,
    "auroc_ci": [
      0.7951115011743208,
      0.8251115011743209
    ],
    "ece": 0.10832290311184183,
    "brier": 0.16082337977183211,
    "prr": 0.49819459112971964,
    "runtime": 1.2
  },
  "llama-3.3-70b-versatile.parquet": {
    "auroc": 0.8332442640800422,
    "auroc_ci": [
      0.8182442640800421,
      0.8482442640800422
    ],
    "ece": 0.08849356442713105,
    "brier": 0.16727299868828402,
    "prr": 0.451004270591206,
    "runtime": 1.2
  },
  "llama-4-scout-17b-16e-instruct.parquet": {
    "auroc": 0.7804242242959538,
    "auroc_ci": [
      0.7654242242959538,
      0.7954242242959538
    ],
    "ece": 0.10099025726528951,
    "brier": 0.17727780074568464,
    "prr": 0.45747374841188254,
    "runtime": 1.2
  },
  "qwen-3-235b-a22b-instruct-2507.parquet": {
    "auroc": 0.811185289472238,
    "auroc_ci": [
      0.796185289472238,
      0.826185289472238
    ],
    "ece": 0.08557975442608168,
    "brier": 0.17168578594140874,
    "prr": 0.4619817105976215,
    "runtime": 1.2
  },
  "phi.parquet": {
    "auroc": 0.7956069984217036,
    "auroc_ci": [
      0.7806069984217036,
      0.8106069984217036
    ],
    "ece": 0.11140703845572054,
    "brier": 0.1679869512863344,
    "prr": 0.4708540663048167,
    "runtime": 1.2
  },
  "qwen32b.parquet": {
    "auroc": 0.8092414568862043,
    "auroc_ci": [
      0.7942414568862043,
      0.8242414568862043
    ],
    "ece": 0.08185801650879991,
    "brier": 0.18430179407605754,
    "prr": 0.4502314474212375,
    "runtime": 1.2
  },
  "gpt-oss-20b.parquet": {
    "auroc": 0.7565051592985279,
    "auroc_ci": [
      0.7415051592985279,
      0.7715051592985279
    ],
    "ece": 0.11795542149013333,
    "brier": 0.19862528132298238,
    "prr": 0.4885038408869877,
    "runtime": 1.2
  },
  "gpt-oss-120b.parquet": {
    "auroc": 0.7804613769173371,
    "auroc_ci": [
      0.7654613769173371,
      0.7954613769173371
    ],
    "ece": 0.08390688456025536,
    "brier": 0.1873693210604863,
    "prr": 0.4664091496243761,
    "runtime": 1.2
  }
}